params,loss,var,max,min,r2
"{'batch_size': 1000, 'hidden_layer_1': 384, 'hidden_layer_2': 96, 'hidden_layer_3': 48, 'learning_rate': 0.001, 'num_epochs': 30}",0.19845305383205414,0.002480318769812584,0.9028345942497253,0.0005335115711204708,0.02921956777572632
"{'batch_size': 1000, 'hidden_layer_1': 384, 'hidden_layer_2': 96, 'hidden_layer_3': 24, 'learning_rate': 0.001, 'num_epochs': 30}",0.19874492287635803,0.002487556543201208,0.8493685722351074,0.00045615018461830914,0.02770286798477173
"{'batch_size': 1000, 'hidden_layer_1': 384, 'hidden_layer_2': 96, 'hidden_layer_3': 12, 'learning_rate': 0.001, 'num_epochs': 30}",0.19841016829013824,0.002635013312101364,0.8315750956535339,0.0008616062696091831,0.028752267360687256
"{'batch_size': 1000, 'hidden_layer_1': 384, 'hidden_layer_2': 48, 'hidden_layer_3': 48, 'learning_rate': 0.001, 'num_epochs': 30}",0.19848068058490753,0.0026241184677928686,0.8572059273719788,0.0007217602105811238,0.02812027931213379
"{'batch_size': 1000, 'hidden_layer_1': 384, 'hidden_layer_2': 48, 'hidden_layer_3': 24, 'learning_rate': 0.001, 'num_epochs': 30}",0.19836890697479248,0.002637123456224799,0.9854521751403809,0.0004276917898096144,0.028259456157684326
"{'batch_size': 1000, 'hidden_layer_1': 384, 'hidden_layer_2': 48, 'hidden_layer_3': 12, 'learning_rate': 0.001, 'num_epochs': 30}",0.19882383942604065,0.0024476286489516497,0.9627893567085266,0.000839939690195024,0.027952611446380615
"{'batch_size': 1000, 'hidden_layer_1': 384, 'hidden_layer_2': 24, 'hidden_layer_3': 48, 'learning_rate': 0.001, 'num_epochs': 30}",0.19853517413139343,0.002899331273511052,0.6952627897262573,0.0005412332247942686,0.0276259183883667
"{'batch_size': 1000, 'hidden_layer_1': 384, 'hidden_layer_2': 24, 'hidden_layer_3': 24, 'learning_rate': 0.001, 'num_epochs': 30}",0.19855058193206787,0.0027066406328231096,0.9073172211647034,0.0005711845587939024,0.028461933135986328
"{'batch_size': 1000, 'hidden_layer_1': 384, 'hidden_layer_2': 24, 'hidden_layer_3': 12, 'learning_rate': 0.001, 'num_epochs': 30}",0.19873596727848053,0.002787468023598194,0.5765347480773926,0.0007486907416023314,0.02791762351989746
"{'batch_size': 1000, 'hidden_layer_1': 192, 'hidden_layer_2': 96, 'hidden_layer_3': 48, 'learning_rate': 0.001, 'num_epochs': 30}",0.1983577460050583,0.0022077406756579876,0.8420683145523071,0.001080822665244341,0.029338955879211426
"{'batch_size': 1000, 'hidden_layer_1': 192, 'hidden_layer_2': 96, 'hidden_layer_3': 24, 'learning_rate': 0.001, 'num_epochs': 30}",0.19811666011810303,0.002321481006219983,0.8443805575370789,0.0013431794941425323,0.030475258827209473
"{'batch_size': 1000, 'hidden_layer_1': 192, 'hidden_layer_2': 96, 'hidden_layer_3': 12, 'learning_rate': 0.001, 'num_epochs': 30}",0.19855903089046478,0.002570532960817218,0.8718101382255554,0.0011196327395737171,0.029060781002044678
"{'batch_size': 1000, 'hidden_layer_1': 192, 'hidden_layer_2': 48, 'hidden_layer_3': 48, 'learning_rate': 0.001, 'num_epochs': 30}",0.1979529708623886,0.0027003881987184286,1.0851656198501587,0.0012406243477016687,0.029441237449645996
"{'batch_size': 1000, 'hidden_layer_1': 192, 'hidden_layer_2': 48, 'hidden_layer_3': 24, 'learning_rate': 0.001, 'num_epochs': 30}",0.19850051403045654,0.002759345807135105,1.3068208694458008,0.001128625706769526,0.02716541290283203
"{'batch_size': 1000, 'hidden_layer_1': 192, 'hidden_layer_2': 48, 'hidden_layer_3': 12, 'learning_rate': 0.001, 'num_epochs': 30}",0.1984391212463379,0.003170835319906473,1.175136685371399,0.0007999938097782433,0.02722233533859253
"{'batch_size': 1000, 'hidden_layer_1': 192, 'hidden_layer_2': 24, 'hidden_layer_3': 48, 'learning_rate': 0.001, 'num_epochs': 30}",0.19847507774829865,0.0028298888355493546,0.8326743841171265,0.0012627592077478766,0.02725297212600708
"{'batch_size': 1000, 'hidden_layer_1': 192, 'hidden_layer_2': 24, 'hidden_layer_3': 24, 'learning_rate': 0.001, 'num_epochs': 30}",0.19828933477401733,0.0029614330269396305,0.8906939029693604,0.0007215056102722883,0.028133094310760498
"{'batch_size': 1000, 'hidden_layer_1': 192, 'hidden_layer_2': 24, 'hidden_layer_3': 12, 'learning_rate': 0.001, 'num_epochs': 30}",0.19852933287620544,0.003163621062412858,1.3248331546783447,0.0008275199215859175,0.02706247568130493
"{'batch_size': 1000, 'hidden_layer_1': 96, 'hidden_layer_2': 96, 'hidden_layer_3': 48, 'learning_rate': 0.001, 'num_epochs': 30}",0.19894374907016754,0.002927485853433609,1.062732219696045,0.0014005590928718448,0.026040315628051758
"{'batch_size': 1000, 'hidden_layer_1': 96, 'hidden_layer_2': 96, 'hidden_layer_3': 24, 'learning_rate': 0.001, 'num_epochs': 30}",0.19912610948085785,0.002477098722010851,1.182379961013794,0.0018628861289471388,0.02639085054397583
"{'batch_size': 1000, 'hidden_layer_1': 96, 'hidden_layer_2': 96, 'hidden_layer_3': 12, 'learning_rate': 0.001, 'num_epochs': 30}",0.19849716126918793,0.002697147661820054,0.7766866683959961,0.0020197751000523567,0.028530538082122803
"{'batch_size': 1000, 'hidden_layer_1': 96, 'hidden_layer_2': 48, 'hidden_layer_3': 48, 'learning_rate': 0.001, 'num_epochs': 30}",0.19880835711956024,0.002827010815963149,1.0316269397735596,0.0011462535476312041,0.02724677324295044
"{'batch_size': 1000, 'hidden_layer_1': 96, 'hidden_layer_2': 48, 'hidden_layer_3': 24, 'learning_rate': 0.001, 'num_epochs': 30}",0.1986095905303955,0.0027740926016122103,0.8917803764343262,0.0018505911575630307,0.02777320146560669
"{'batch_size': 1000, 'hidden_layer_1': 96, 'hidden_layer_2': 48, 'hidden_layer_3': 12, 'learning_rate': 0.001, 'num_epochs': 30}",0.1989133507013321,0.002639084355905652,0.815898060798645,0.0017726258374750614,0.027078092098236084
"{'batch_size': 1000, 'hidden_layer_1': 96, 'hidden_layer_2': 24, 'hidden_layer_3': 48, 'learning_rate': 0.001, 'num_epochs': 30}",0.19859571754932404,0.0034091954585164785,2.095139980316162,0.0016022191848605871,0.021882474422454834
"{'batch_size': 1000, 'hidden_layer_1': 96, 'hidden_layer_2': 24, 'hidden_layer_3': 24, 'learning_rate': 0.001, 'num_epochs': 30}",0.19880346953868866,0.003239923855289817,1.0096441507339478,0.00157754379324615,0.026004552841186523
"{'batch_size': 1000, 'hidden_layer_1': 96, 'hidden_layer_2': 24, 'hidden_layer_3': 12, 'learning_rate': 0.001, 'num_epochs': 30}",0.1988418698310852,0.0027128681540489197,0.9617223739624023,0.0015875340905040503,0.027539312839508057
